source,author,title,description,url,publishedAt
BBC News,,Fundraiser marks 10th anniversary of cyclist's death,Louise Wright was 29 when she was hit by a lorry in 2014 in Nottingham as she cycled to work.,https://www.bbc.com/news/articles/c0kjjjj3yyvo,2024-09-15T15:39:20Z
BBC News,,"Woman, 102, becomes Britain's oldest skydiver",Manette Baillie jokes she will now give up her thrill-seeking ways and take on knitting.,https://www.bbc.com/news/articles/cy0n431gddlo,2024-08-25T12:26:25Z
Centre Daily Times,Bret Pallotto,"1 year after Penn State student’s tragic death, scholarship, fundraising hike honor her legacy","“Her kind heart can continue to make a difference,” Lovisa Arnesson-Cronhamre’s father said.",https://www.centredaily.com/news/local/education/penn-state/article292257540.html,2024-09-13T17:37:03Z
ABC News,Bill Hutchinson,New details emerge in rescue of hiker allegedly left behind by coworkers on mountain,An insurance underwriter rescued on a central Colorado mountain after allegedly being left behind by his coworkers was hiking for World Central Kitchen.,https://abcnews.go.com/US/hiker-allegedly-stranded-coworkers-colordado-mountain-raising-money/story?id=113238350,2024-08-29T16:53:58Z
Business Insider,Erin McDowell,Prince Harry is set to inherit millions on his 40th birthday. Here's how he and Meghan Markle make and spend their money.,Prince Harry will reportedly inherit millions from a trust set up by the Queen Mother when he turns 40 on Sunday.,https://www.businessinsider.com/prince-harry-meghan-markle-net-worth-spending,2024-09-14T13:41:42Z
Forbes,"True Tamplin, Contributor, 
 True Tamplin, Contributor
 https://www.forbes.com/sites/truetamplin/",How You Can Get Tax Write-Offs For Taking Luxurious Vacations,"Imagine enjoying a luxurious vacation at an exotic destination, all while knowing that part of your trip could be written off on your taxes.",https://www.forbes.com/sites/truetamplin/2024/08/31/how-you-can-get-tax-write-offs-for-taking-luxurious-vacations/,2024-08-31T17:20:31Z
Forbes,"David Hessekiel, Contributor, 
 David Hessekiel, Contributor
 https://www.forbes.com/sites/davidhessekiel/","The Changemaker Interview: Kristen Ferguson, University Of Notre Dame",Smartphone popularity creates opportunities and challenges for fundraisers according to “The Mobile Giving Gap: The Negative Impact of Smartphones on Donation Behavior”,https://www.forbes.com/sites/davidhessekiel/2024/08/27/the-changemaker-interview-kristen-ferguson-university-of-notre-dame/,2024-08-27T14:00:00Z
BBC News,,Medieval knight in training for Great North Run,Sir Runs A Lot is fundraising to improve accessibility at Newcastle's Black Gate and castle keep.,https://www.bbc.com/news/videos/cwy52e006xzo,2024-09-04T05:08:19Z
CBC News,,Waterloo region organizations hungry for donations to help feed kids,A Waterloo region charity that provides food to school children in need says it’s hungry for donations as kids prepare to return to class.,https://www.cbc.ca/news/canada/kitchener-waterloo/waterloo-region-organizations-hungry-for-donations-to-help-feed-kids-1.7302390,2024-08-26T08:00:00Z
Vox,Rachel M. Cohen,Are Americans generous?,"For 20 years, experts have sounded the alarm on the decline of charitable giving in the US. Then came the pandemic, which led to a wave of new donations and volunteers to nonprofits. For some leaders, this was a sign that perhaps the retreat from philanthropy…",https://www.vox.com/future-perfect/371996/volunteering-charity-giving-philanthropy-generosity,2024-09-16T18:53:49Z
The Daily Dot,Katherine Huggins,A pro-lifer called out JD Vance—now the right is coming for her charity,"A rift is growing among pro-lifers online. 


The center of the division is Live Action, a prominent anti-abortion non-profit, that is facing accusations from some in pro-life circles of using its donations towards ineffectual efforts.


The fight comes after…",https://www.dailydot.com/debug/live-action-pro-life-lila-rose/,2024-08-28T16:39:26Z
Consequence.net,Eddie Fu,Bandcamp Announces Remaining Bandcamp Fridays for 2024,"The music platform will waive its share of profits today (September 6th), October 4th, and December 6th.
Bandcamp Announces Remaining Bandcamp Fridays for 2024
Eddie Fu",https://consequence.net/2024/09/bandcamp-fridays-2024/,2024-09-06T14:38:12Z
ESPN,Greg Wyshynski,Flames to use Gaudreau tribute items for charity,The Calgary Flames will repurpose items left at a memorial for Johnny and Matthew Gaudreau to fundraise for local charities.,https://www.espn.com/nhl/story/_/id/41287650/flames-repurpose-items-johnny-gaudreau-memorial,2024-09-16T16:07:00Z
Vintag.es,Unknown,"The Beatles Attend a Charity Meet-and-Greet Event at Livingston Garden, Los Angeles in 1964","The garden party was planned for August 24, 1964, the day after the Beatles performed at the Hollywood Bowl in front of thousands of screami...",https://www.vintag.es/2024/09/the-beatles-charity-garden-party.html,2024-09-03T17:50:00Z
BBC News,,Firm wins trademark case against easyJet owner,"The airline's owner says he will appeal against the ruling, which found there was no infringement",https://www.bbc.com/news/articles/c4glnvn1l9do,2024-09-11T18:08:55Z
Ra.co,Hattie Lindert,Floating Points to test new sound system in Leeds this weekend,The rig will be at Project House this Sunday for a Cosmic Slop fundraiser.,https://ra.co/news/81234,2024-09-07T14:20:00Z
The Daily Dot,Marlon Ettinger,"GoFundMe axed a charity providing tents for displaced Gazans—freezing $250,000 in donations","GoFundMe pulled a fundraiser by Translating Falasteen and The Sameer Project on Tuesday. The Sameer Project delivers critical aid to Palestinian civilians under bombardment by the Israeli Army in Gaza, while Translating Falasteen posts videos translated into …",https://www.dailydot.com/debug/gofundme-palestine-relief-gaza/,2024-09-05T20:06:43Z
Vox,Rachel M. Cohen,Why I changed my mind about volunteering,"Last fall, a reader asked me what they could really do, as one person, to aid people living on the streets. “I often feel helpless to enact change,” they wrote. I’d been covering homelessness in America and knew that even the sprawling support organizations t…",https://www.vox.com/culture/368201/volunteer-charity-donations-systemic-change-activism-nonprofits-loneliness-philanthropy,2024-08-23T15:42:49Z
Independent.ie,Ken Foy,"Gardaí to cycle 500km in Spain to raise €40,000 for guide dog charity","The Garda Tour De Force cycling group, which has raised over €1m for charities over the past three decades, is about to get in the saddle for another fundraising push.",https://www.independent.ie/irish-news/gardai-to-cycle-500km-in-spain-to-raise-40000-for-guide-dog-charity/a1958243418.html,2024-09-03T09:44:53Z
Futurefundraisingnow.com,Jeff Brooks,The secret truth that donors can’t tell you,"One of the most important things you can know about fundraising is this: What people say about their charity or your fundraising has little to do with what they do. When you believe that, you are free from taking terrible advice. People’s opinions and their a…",https://futurefundraisingnow.com/2024/09/the-secret-truth-that-donors-cant-tell-you-2/,2024-09-16T15:57:58Z
BBC News,,Man to run seven marathons in Europe in seven days,"Ibi Akhtar, from west London, is starting the fundraising challenge in Crete, where his friend died.",https://www.bbc.com/news/articles/c3rdyq7wy1go,2024-09-10T05:11:47Z
Forbes,"Nel-Olivia Waga, Contributor, 
 Nel-Olivia Waga, Contributor
 https://www.forbes.com/sites/neloliviawaga/",Art Heals: Hauser & Wirth And Hospital Rooms Reimagine Recovery By Bringing Color To Mental Health Spaces,"The impact of creativity and art-making on mental health: the ""Digital Art School"" exhibition at Hauser & Wirth London, runs from August 22 to September 10, 2024",https://www.forbes.com/sites/neloliviawaga/2024/08/31/art-heals-hauser--wirth-and-hospital-rooms-reimagine-recovery-by-bringing-color-to-mental-health-spaces/,2024-08-31T21:02:48Z
Forbes,"Colin C. Campbell, Forbes Books Author, 
 Colin C. Campbell, Forbes Books Author
 https://www.forbes.com/sites/forbesbooksauthors/people/colincampbell/",Start. Scale. Exit. Take Some Money Off the Table. Repeat.,"If you envision a life of serial entrepreneurship, you have to keep this one thing in focus: Your trade is entrepreneurship. Period.",https://www.forbes.com/sites/forbesbooksauthors/2024/09/09/start-scale-exit-take-some-money-off-the-table-repeat/,2024-09-09T12:00:00Z
Nichepursuits.com,Katie DeWitt,10 Charity Website Ideas to Inspire Your New Nonprofit Site,"There are so many different ways you can design your charity website. From emotional and professional to exciting and informative, you have to decide which design style is right for you. To help make the options feel less overwhelming, I've…
The post 10 Chari…",https://www.nichepursuits.com/charity-website/,2024-08-27T18:16:30Z
Dorktower.com,John Kovalic,THE QUACK IS BACK!,"With only a couple of weeks to go before Insane Charity Bike Ride 2024, we’re still just over halfway to the first duck. TODAY IS THE LAST DAY TO REGISTER FOR THE RIDE! If you’re in the area, come ride along with me! TODAY IS NOT THE LAST DAY TO SUPPORT THE R…",http://www.dorktower.com/2024/09/03/the-quack-is-back/,2024-09-03T05:00:49Z
BBC News,,Hospices funding woes bring job cuts,Five hospices caring for terminally ill people say they must cut staff because of financial pressures.,https://www.bbc.com/news/articles/c4gl5dxzyrdo,2024-08-30T10:45:31Z
Futurefundraisingnow.com,Jeff Brooks,A great fundraising offer does good things for donors,"In commercial advertising, copywriters are reminded to “sell the sizzle, not just the steak” — that is, focus on the benefits of your product, not just its features. That’s good advice in fundraising too. Don’t just ask donors to give to make program activiti…",https://futurefundraisingnow.com/2024/08/a-great-fundraising-offer-does-good-things-for-donors/,2024-08-24T23:15:00Z
Forbes,"Maggie McGrath, Forbes Staff, 
 Maggie McGrath, Forbes Staff
 https://www.forbes.com/sites/maggiemcgrath/",Meet The VCs Who Just Raised $250 Million To Back Women-Led Startups,"Jenny Abramson and Heidi Patel have signed up investors such as Melinda French Gates and UBS for their third Rethink Impact fund, boosting assets under management to more than half a billion.",https://www.forbes.com/sites/maggiemcgrath/2024/09/12/meet-the-vcs-who-just-raised-250-million-to-back-women-led-startups/,2024-09-12T10:30:00Z
Metafilter.com,Tell Me No Lies,Navigating religious bias in charity donors,"I'm trying to raise money for a secular program that exists under a religious umbrella organization. I'm trying to find a way to approach this so that won't put people off, and I'm stuck on a particular decision.I was going to try to anonymize the religion he…",https://ask.metafilter.com/382014/Navigating-religious-bias-in-charity-donors,2024-09-11T17:01:44Z
[Removed],,[Removed],[Removed],https://removed.com,2024-09-20T23:11:32Z
Yahoo Entertainment,EMILY WAGSTER PETTUS,Brett Favre to appear before US House panel looking at welfare misspending,"Retired NFL quarterback Brett Favre, who has repaid just over $1 million in speaking fees funded by a welfare program in Mississippi, is scheduled to appear ...",https://finance.yahoo.com/news/brett-favre-appear-us-house-231131673.html/,2024-09-20T23:11:31Z
Independent.ie,Darragh Nolan,Pieta House calls for ‘immediate investment’ from Government to keep services going into 2025 and beyond,Suicide prevention charity Pieta House has called on the Government to provide “an immediate investment” of €3.5m to keep services running sustainably into 2025 and beyond.,https://www.independent.ie/irish-news/pieta-house-calls-for-immediate-investment-from-government-to-keep-services-going-into-2025-and-beyond/a890621802.html,2024-09-10T15:42:18Z
Blackbaud.com,Grace Green,How to Make Small Changes for Big Impact on Your Donation Form,"Your online donation form is one of the most important components of your digital fundraising efforts. How important? Charitable gifts [...]
The post How to Make Small Changes for Big Impact on Your Donation Form first appeared on The ENGAGE Blog.",https://blog.blackbaud.com/how-to-make-small-changes-on-your-donation-form/,2024-09-03T16:48:40Z
Funcheap.com,Website Contributor,9/1/24: Sucka Flea Market & Day Party (SF) - FREE,"Sucka Flea Market & Day Party at @elriosf!  This Sunday September 1st from 3-8pm at 3158 Mission Street in San Francisco!
This daytime function is a celebration of local Art, Food, Music, Culture & Community featuring our favorite Vendors, Creators, and Peopl…",https://sf.funcheap.com/sucka-flea-market-day-party-sf/,2024-08-29T16:13:31Z
BBC News,,Southport chooses hope over hatred as it tries to heal,"A month on from the killings in Southport, the community says a ""thousand acts of kindness"" have followed.",https://www.bbc.com/news/articles/cx29dewp0llo,2024-08-29T05:27:55Z
GlobeNewswire,SPHERICAL INSIGHTS LLP,Global P2P Fundraising Market Size To Worth USD 310 Million By 2033 l CAGR Of 12.27%,"The Global P2P Fundraising Market Size was Valued at USD 97.4 Million in 2023 and the Worldwide P2P Fundraising Market Size is Expected to Reach USD 310 Million by 2033, according to a research report published by Spherical Insights & Consulting. Companies co…",https://www.globenewswire.com/news-release/2024/08/23/2935105/0/en/Global-P2P-Fundraising-Market-Size-To-Worth-USD-310-Million-By-2033-l-CAGR-Of-12-27.html,2024-08-23T22:00:00Z
Forbes,"Noel Burgess, Contributor, 
 Noel Burgess, Contributor
 https://www.forbes.com/sites/noelburgess/",Mike ‘Coach K’ Krzyzewski Comes Home For The Inaugural Chicago Epicurean 2024,"Legendary “Coach K” sits down for an 1 on 1 to discuss the inaugural Chicago Epicurean in his hometown, what wines pair best with Polish dishes, and how he initially became involved with the V Foundation.",https://www.forbes.com/sites/noelburgess/2024/09/15/mike-coach-k-krzyzewski-comes-home-for-the-inaugural-chicago-epicurean-2024/,2024-09-15T21:45:27Z
The Irish Times,Vivienne Clarke,‘She fought and fought’: Father of student killed in US kayak incident undertakes tribute fundraiser,"Ralph Mills, whose daughter Ella died two years ago, seeks to raise funds for charity helping bereaved families overseas",https://www.irishtimes.com/ireland/2024/08/27/she-fought-and-fought-father-of-student-killed-in-us-kayak-incident-undertakes-tribute-fundraiser/,2024-08-27T11:52:56Z
Raw Story,"Mckenna Horsley, Kentucky Lantern",Kentucky Republicans celebrate ‘house that Mitch built’ with help from some big donors,"FRANKFORT — What speakers hailed as “the house that Mitch built” will be doubling in size — thanks to more than $3 million from special interest donors and a change of state law in 2017 that legalized such donations.

A slew of prominent Kentucky Republicans …",https://www.rawstory.com/kentucky-gop-2669140058/,2024-09-06T10:07:30Z
Mixmag.net,Mixmag Staff,Leeds venue TESTBED announces programme for remainder of 2024,"""We are committed to reviving and celebrating Leeds' vibrant cultural scene""Continue reading...","	https://mixmag.net/read/leeds-venue-testbed-announces-programme-for-remainder-of-2024-news
",2024-09-14T07:00:00Z
The Irish Times,Áine Ryan,Mayo nurse who ‘escaped’ from Alcatraz completes marathon Clare Island swim,Grandmother Ann Ivers (62) from Kiltimagh joins group of 45 in charity swim two years after swimming from famous prison island to San Francisco,https://www.irishtimes.com/ireland/2024/09/01/mayo-nurse-who-escaped-from-alcatraz-completes-marathon-clare-island-swim/,2024-09-01T15:48:14Z
Decider,mliss1578,Jimmy Kimmel Makes Fun Of Trump For Ridiculous “Rant” About Kamala Harris Working At McDonalds And An Alleged $1.7 Million Toilet: “Dumbest Nothing Topics”,"""The scamburglar doubled down on one of his favorite new lines of attack,"" he said of Trump.",https://decider.com/2024/09/17/jimmy-kimmel-trump-ridiculous-speech-harris-mcdonalds-toilet/,2024-09-17T14:15:42Z
Wonkette.com,Robyn Pennacchia,Beloved Nevada Wingnut Grifter Pleads Not Guilty To New Charges In Dead Cop Statue Scam,"Michele Fiore, how we have missed thee.",https://www.wonkette.com/p/beloved-nevada-wingnut-grifter-pleads,2024-09-10T14:04:55Z
ABC News (AU),Simon Smale,The odd and ancient history of the wooden spoon,"When Wests Tigers and Parramatta Eels meet at Campbelltown on Friday night, they each face the ignominy of the NRL's wooden spoon with defeat. But where did that term come from, and what does it have to do with Cambridge University's Maths department?",https://www.abc.net.au/news/2024-09-06/where-does-the-the-wooden-spoon-come-from-wests-tigers-eels/104308024,2024-09-05T20:08:03Z
CBC News,,Torontonians raised $1M for Terry Fox foundation in 2023. Organizers hope this year will be even bigger,The annual charity run for cancer research is in its 44th year. The foundation has raised over $900 million since Fox’s original Marathon of Hope in 1980.,https://www.cbc.ca/news/canada/toronto/44th-terry-fox-run-toronto-1.7321161,2024-09-15T08:00:00Z
Bangkok Post,Poramet Tangsathaporn,Ex-banker sounds the alarm on Nan,"<p>The northern province of Nan is home to one of the country's key watershed forests, the source of several major waterways, including the Chao Phraya River. This forest area was declared a first-grade national forest in the 1960s.</p>",https://www.bangkokpost.com/thailand/general/2861038/ex-banker-sounds-the-alarm-on-nan,2024-09-06T22:36:00Z
The Irish Times,Tim O'Brien,Pieta says it may not be able to continue mental health services without Government funds,"Cost of running suicide prevention and counselling group stands at some €17m a year, mostly paid for by ‘generous donors and dedicated supporters’",https://www.irishtimes.com/ireland/2024/09/10/pieta-says-it-may-not-be-able-to-continue-mental-health-services-without-government-funds/,2024-09-10T18:39:15Z
Mondoweiss,Miles Howe,"Inside the Ne’eman Foundation, the Israeli military and settler funder that had its charity status stripped in Canada","The Ne’eman Foundation, which recently had its charitable status revoked in Canada, is deeply entwined with settler violence in the occupied Palestinian territory and represents the Judeo-fascist edge of the Canada-to-Israel charity pipeline.",https://mondoweiss.net/2024/08/inside-the-neeman-foundation-the-israeli-military-and-settler-funder-that-had-its-charity-status-stripped-in-canada/,2024-08-23T18:26:53Z
GlobeNewswire,"Lifeward, Inc.","Lifeward’s First Annual Step Challenge Donates €5,000 to German Association for People Living with Spinal Cord Injury","As part of the fundraising “Step Challenge”, ReWalk users in Germany completed 424,844 steps to raise 5,000 Euros for the European Spinal Cord Injury Federation (“ESCIF”) As part of the fundraising “Step Challenge”, ReWalk users in Germany completed 424,844 s…",https://www.globenewswire.com/news-release/2024/09/05/2941347/32993/en/Lifeward-s-First-Annual-Step-Challenge-Donates-5-000-to-German-Association-for-People-Living-with-Spinal-Cord-Injury.html,2024-09-05T12:30:00Z
GlobeNewswire,Prevent Cancer Foundation,Prevent Cancer Annual Gala to celebrate three decades of commitment to cancer prevention and early detection,Foundation’s 30th fundraising Gala will honor “indispensable friendship” with the United Kingdom. Foundation’s 30th fundraising Gala will honor “indispensable friendship” with the United Kingdom.,https://www.globenewswire.com/news-release/2024/08/28/2937293/0/en/Prevent-Cancer-Annual-Gala-to-celebrate-three-decades-of-commitment-to-cancer-prevention-and-early-detection.html,2024-08-28T18:32:00Z
Nakedcapitalism.com,Yves Smith,Can We Afford the Welfare State?,Unpacking why the obstacle to preserving the welfare state is not national income or demographics but rentiers increasing their take.,https://www.nakedcapitalism.com/2024/09/can-we-afford-the-welfare-state.html,2024-09-13T08:53:01Z
Raw Story,Tom Boggioni,Lindsey Graham confronted on CNN with video of Trump saying 'I 'don't care what he says',"In the midst of a wide-ranging interview with Sen. Lindsey Graham, CNN ""State of the Union"" host Jake Tapper blindsided the South Carolina Republican with a clip of Donald Trump telling a CBS reporter he doesn't listen to Graham's advice.Brought on to talk ab…",https://www.rawstory.com/lindsey-graham-2669057118/,2024-08-25T15:15:14Z
Raw Story,"Abraham Kenmore, SC Daily Gazette",SC attorney general says Democratic donor platform ActBlue may have broken rules,"COLUMBIA — South Carolina’s attorney general is questioning whether a major fundraising platform for Democrats committed fraud. State Democratic leaders and a representative of the platform contend the allegations are nonsense.

The allegations are outlined i…",https://www.rawstory.com/sc-attorney-general-says-democratic-donor-platform-actblue-may-have-broken-rules/,2024-08-26T23:44:21Z
STLtoday.com,Anna Spoerre | The Missouri Independent,Missouri abortion-rights campaign doubles its fundraising total since qualifying for ballot,The director of one of the campaign’s biggest donors said it’s impossible to ‘achieve anything without a campaign that is grounded in grassroots support and the support of Missouri voters.’,https://www.stltoday.com/news/local/government-politics/missouri-abortion-rights-campaign-doubles-its-fundraising-total-since-qualifying-for-ballot/article_03da3660-71ec-11ef-ace6-5f67202bfe44.html,2024-09-13T16:30:00Z
Plos.org,"Iwona Nowakowska, Joanna Rajchert, Dorota Jasielska",Prosocial sharing with organizations after the COVID-19 pandemic: A longitudinal test of the role of motives for helping and time perspectives,"The time after the COVID-19 pandemic posed a threat to engagement in prosocial behaviors within charity organizations. In the current study, we intended to test how three motivational paths: affective empathy-based, life satisfaction-based, and perceived soci…",https://journals.plos.org/plosone/article?id=10.1371/journal.pone.0310511,2024-09-18T14:00:00Z
The Irish Times,Fiachra Gallagher,‘My family never gave up on me’: From sleeping rough in Dublin to representing Ireland in South Korea,"‘Once you stay drug-fee, anything in life is possible, I’m living proof of that,’ says member of Ireland squad for Homeless World Cup",https://www.irishtimes.com/ireland/social-affairs/2024/09/02/my-family-never-gave-up-on-me-from-sleeping-rough-in-dublin-to-representing-ireland-in-south-korea/,2024-09-02T06:28:01Z
PR Newswire UK,,"MacPaw Foundation Joins United Nations Global Compact, Reinforcing Commitment to Sustainable Development","KYIV, Ukraine, Aug. 30, 2024 /PRNewswire/ -- The MacPaw Foundation, a corporate charity fund established for the social and charity projects of MacPaw, has officially become a member of the United Nations Global Compact Network Ukraine, the Ukrainian branch o…",https://www.prnewswire.co.uk/news-releases/macpaw-foundation-joins-united-nations-global-compact-reinforcing-commitment-to-sustainable-development-302234355.html,2024-08-30T14:02:00Z
Boston Herald,Danny Ventura,Ex-Malden Catholic star out to hit multiple sclerosis awareness home run,"""I've always wanted to do something for MS since my mom (Tracie) was diagnosed with it."" Former Malden Catholic baseball star Dario Pizzano",https://www.bostonherald.com/2024/08/28/ex-malden-catholic-star-out-to-hit-multiple-sclerosis-awareness-home-run/,2024-08-28T10:52:43Z
Financial Post,Business Wire,Breast Cancer Canada’s ‘Raise More Challenge’ Inspires Canadians to Support Research This Breast Cancer Awareness Month,"TORONTO — In a united effort to end breast cancer, Breast Cancer Canada, a national charity dedicated to saving lives through breast cancer research, is calling on Canadians to join their annual nationwide ‘Raise More Challenge.‘ The Raise More Challenge invi…",https://financialpost.com/pmn/business-wire-news-releases-pmn/breast-cancer-canadas-raise-more-challenge-inspires-canadians-to-support-research-this-breast-cancer-awareness-month,2024-09-20T10:06:07Z
The Irish Times,Kitty Holland,Funds raised to provide Letterfrack survivor with mobility scooter which HSE unable to provide,Michael Dunne was confined to his house for more than two years while on HSE’s waiting list,https://www.irishtimes.com/ireland/social-affairs/2024/08/29/funds-raised-to-provide-letterfrack-survivor-with-mobility-scooter-which-hse-unable-to-provide/,2024-08-29T05:00:00Z
Adrants.com,Steve Hall,The Power of Lotteries in Advertising: Stunning Success Stories Revealed,"Since the start of human civilization, lotteries have often been associated with financial freedom and near-instant wealth, and they have hardly failed to disappoint. However, these lotteries are more than just cash cows for different lucky members of society…",https://adrants.com/2024/09/the-power-of-lotteries-in-advertising.php,2024-09-20T19:20:22Z
[Removed],,[Removed],[Removed],https://removed.com,2024-08-27T13:49:32Z
BBC News,BBC,Boy with bullet in brain raises cash for hospital,Harry Studley was 18 months old when he was shot in the head in the block of flats he lived in.,https://www.bbc.com/news/articles/cy54dzppvp7o?xtor=AL-72-%5Bpartner%5D-%5Byahoo.north.america%5D-%5Bheadline%5D-%5Bnews%5D-%5Bbizdev%5D-%5Bisapi%5D,2024-09-09T07:14:01Z
EURACTIV,"Aleksandra Krzysztoszek, Aneta Zachová, Natália Silenská","Heavy flooding in central Europe has countries seek EU aid, funds","Torrential rains have severely impacted central European countries in the past few days, with Czechia confirming it will use EU funds and Poland announcing it will seek EU financial assistance and possibly activate the EU's emergency mechanism.",https://www.euractiv.com/section/politics/news/heavy-flooding-in-central-europe-has-countries-seek-eu-aid-funds/,2024-09-16T04:48:43Z
Independent.ie,Deaglán de Bréadún,"Obituary: Jack Fagan, highly respected journalist and editor who won All-Ireland minor title with Meath","Journalist Jack Fagan, who has died at the age of 85, was well-known in the news, business and property sectors as well as for winning a minor All-Ireland medal in Gaelic football.",https://www.independent.ie/irish-news/obituary-jack-fagan-highly-respected-journalist-and-editor-who-won-all-ireland-minor-title-with-meath/a6485907.html,2024-09-22T01:30:00Z
Thepinknews.com,Chantelle Billson,Jonathan Bailey wins award after raising thousands for LGBTQ+ youth charity,"Bridgerton star Jonathan Bailey has won an award after raising thousands of pounds for an LGBTQ+ youth charity.  Bailey raised £33,452 ($44,500) for Just Like Us after running the Hackney half marathon in May. He became a patron of the charity in 2023 and acc…",https://www.thepinknews.com/2024/09/20/jonathan-bailey-wins-award-after-raising-thousands-for-lgbtq-youth-charity/,2024-09-20T09:44:59Z
Rolling Stone,Jon Blistein,Lucius Lead Nineties Covers Charity Comp for Gun Violence Prevention,"Lucius, Liz Cooper, and more contributed covers of classic 90s songs to a new compilation raising awareness for gun violence prevention.",http://www.rollingstone.com/music/music-news/lucius-every-possible-way-charity-compilation-gun-safety-1235096413/,2024-09-06T13:01:15Z
Messynessychic.com,MessyNessy,"Mostly, this Secret Masonic Order Just Wants to Have Fun","We do love a good plunge into worlds apart – filled with secret society conspiracies and folks living off-grid or on the fringes of society. The latest curious collective to pique my interest is perhaps the quirkiest of masonic orders, called “The Shriners”, …",https://www.messynessychic.com/2024/09/06/mostly-this-secret-masonic-order-just-wants-to-have-fun/,2024-09-06T10:17:57Z
Observer,"Elisa Carollo, Elisa Carollo",Art and Mental Health Meet at Hauser & Wirth London’s North Gallery,"""Hospital Rooms"" is on view in Hauser & Wirth London's North Gallery through September 10.",https://observer.com/2024/09/review-exhibition-hospital-rooms-hauser-wirth-london/,2024-09-03T16:17:45Z
Raw Story,"Joshua Haiar, South Dakota Searchlight",Lawmakers upset after Kristi Noem awards millions to project they refused to pay for,"While legislators were passing a law in March requiring more information from Republican Gov. Kristi Noem about a fund she controls, Noem was awarding $13.5 million from the fund to a project legislators had declined to financially support.
Some legislators d…",https://www.rawstory.com/some-lawmakers-upset-after-noem-awards-millions-to-project-they-refused-to-pay-for/,2024-09-13T10:01:33Z
BBC News,,Thousands of people get set for Great North Run,Conditions are expected to be rainy as the race from Newcastle to South Shields commences.,https://www.bbc.com/news/articles/cx2nr4egxlro,2024-09-08T00:23:28Z
Raw Story,"Jay Waagmeester, Florida Phoenix",'I don’t see the outrage': Ron DeSantis defends Trump’s Arlington visit,"Gov. Ron DeSantis on Tuesday defended former President Donald Trump’s visit to Arlington National Cemetery, which violated federal regulations and, the Army said, featured an alleged assault by Trump’s staff against a cemetery staff member.
“I don’t see the o…",https://www.rawstory.com/desantis-arlington-trump/,2024-09-04T10:45:23Z
BBC News,,"'We might only have 15 summers left,' say brothers at risk of dementia",They hope their 903-mile challenge will play a part in “finding a cure for dementia”.,https://www.bbc.com/news/articles/cyvy70pg0vpo,2024-09-18T11:29:55Z
CBC News,,Calgary Flames dismantle Gaudreau memorial as 13-day observance ends,"Hockey sticks, jerseys and homemade signs were carefully removed from the steps of the Saddledome on Monday morning, as a 13-day observance to celebrate former Calgary Flames star Johnny Gaudreau came to an end.",https://www.cbc.ca/news/canada/calgary/calgary-flames-dismantle-gaudreau-memorial-as-13-day-observance-ends-1.7324695,2024-09-16T18:51:09Z
ARTnews,Tessa Solomon,"LA Museums Jointly Acquire Collection, “Friends” Memorabilia Heads to Auction, a Spotlight on Sister Mary Corita, and More: Morning Links for August 27, 2024","Memorabilia from the sitcom ""Friends"" is up for auction, a trio of Los Angeles museums have jointly acquired 350 artworks, and more.",https://www.artnews.com/art-news/news/la-museums-jointly-acquire-collection-friends-memorabilia-heads-to-auction-a-spotlight-on-sister-mary-corita-and-more-morning-links-for-august-27-2024-1234715616/,2024-08-27T13:33:07Z
Elegantthemes.com,Fahad Hamid,How to Build a Non-Profit Website in 2024 (Quick & Easy),"Are you seeking cost-effective resources to create a website without needing expensive professional services? Non-profit organizations often operate on tight budgets, so you need to be careful with your approach. Creating a non-profit website is crucial in es…",https://www.elegantthemes.com/blog/business/how-to-build-a-non-profit-website,2024-08-31T12:00:00Z
LADbible,Anish Vij,Gabby Logan halted Great North Run coverage to deliver tragic BBC announcement,BBC presenter Gabby Logan interrupted the Great North Run broadcast to deliver the tragic news,https://www.ladbible.com/news/sport/gabby-logan-great-north-run-claire-lomas-326714-20240909,2024-09-09T06:30:56Z
TODAY,Francesca Gariano,Henry Winkler is joined by his grandsons at daughter’s charity event,"Henry Winkler and his wife, Stacey Weitzman, showed their support for their daughter, Zoe Winkler Reinis, at the This Is About Humanity’s 6th Anniversary Soirée. Winkler Reinis attended the event with her three sons Ace, Jules, and Gus.",https://www.today.com/popculture/henry-winkler-grandsons-daughter-charity-event-rcna168129,2024-08-25T21:21:23Z
Globalsecurity.org,John Pike,Private donations boost UN support for war-torn Gaza,"From celebrities to civil society, a growing number of people around the world are providing unprecedented support for UNRWA, the UN agency supplying a lifeline to two million Palestinians trapped in war-torn Gaza.",https://www.globalsecurity.org/military/library/news/2024/09/mil-240905-unnews02.htm,2024-09-06T09:07:35Z
Blackbaud.com,Steve Latham,Unlock Millions in New Funding via Stock Donations,"Nonprofit organizations, higher education institutions, and healthcare foundations are embracing stock gifting to diversify and grow funding as the rebound [...]
The post Unlock Millions in New Funding via Stock Donations first appeared on The ENGAGE Blog.",https://blog.blackbaud.com/unlock-millions-in-stock-donations/,2024-09-11T15:14:27Z
Wordpress.org,Creta Themes,Charity Organization,"Charity Organization is a dynamic and versatile tool designed specifically for charitable organisations, nonprofits, and fundraising initiatives. It provides a platform that streamlines the presentation and management of your organisation’s mission, goals, an…",https://wordpress.org/themes/charity-organization/,2024-09-10T02:11:49Z
GlobeNewswire,White Spot Hospitality,White Spot’s Annual Pirate Pak Day Sends Deserving Children and Youth to Zajac Ranch,The 2024 Pirate party brought joy to B.C. families this summer — in the restaurants and at camp The 2024 Pirate party brought joy to B.C. families this summer — in the restaurants and at camp,https://www.globenewswire.com/news-release/2024/08/27/2936430/0/en/White-Spot-s-Annual-Pirate-Pak-Day-Sends-Deserving-Children-and-Youth-to-Zajac-Ranch.html,2024-08-27T15:00:00Z
Newsweek,Marni Rose McFall,How Palestinian Art and Culture Is Being Kept Alive Online,"Through fashion, art, and music, Palestinian art and culture is being kept alive online as a way of protesting the war in Gaza.",https://www.newsweek.com/palestinian-art-culture-resistance-protest-online-bella-hadid-mustafa-sliman-mansour-mia-khalifa-1918845,2024-09-01T07:00:01Z
GlobeNewswire,Masons of California,"California Masons Present $128,683 Donation to Giants Community Fund","Donation Milestone is One of Four Donations to MLB Community Foundations Across California, Totaling Over $261K Donated This Season Alone Donation Milestone is One of Four Donations to MLB Community Foundations Across California, Totaling Over $261K Donated T…",https://www.globenewswire.com/news-release/2024/09/11/2944718/0/en/California-Masons-Present-128-683-Donation-to-Giants-Community-Fund.html,2024-09-11T17:10:00Z
Digital Journal,Markos Papadatos,Review: Samantha’s Friends immerses us into the ‘Golden Age of Hollywood’,"On September 14 and 15, 2024, the 29th annual “Samantha’s Friends” benefit fundraiser took place at Lakewood Ranch in Florida.
The post Review: Samantha’s Friends immerses us into the ‘Golden Age of Hollywood’ appeared first on Digital Journal.",https://www.digitaljournal.com/entertainment/review-samanthas-friends-immerses-us-into-the-golden-age-of-hollywood/article,2024-09-21T21:24:45Z
Wordpress.org,buywptemplates,Charity Welfare Funds,"The Charity Welfare Funds theme is a specialised WordPress theme designed for nonprofit organisations, charities, and NGOs focused on social good and community support, looking to better their online presence. The theme is versatile for organisations working …",https://wordpress.org/themes/charity-welfare-funds/,2024-08-26T05:12:08Z
The Jerusalem Post,BY SARAH GOLDMAN,Top 10 Jewish organizations of 2024 — Supporting Israel from the diaspora,,https://www.jpost.com/special-content/top-10-jewish-organizations-of-2024-supporting-israel-from-the-diaspora-820136,2024-09-17T07:43:08Z
[Removed],,[Removed],[Removed],https://removed.com,2024-09-11T19:02:43Z
Raw Story,"Marty Schladen, Ohio Capital Journal",J.D. Vance has told some whoppers — so does it stick when he calls someone else a liar?,"Since Vice President Kamala Harris on Aug. 6 tapped Minnesota Gov. Tim Walz to be her running mate, Ohio Sen. J.D. Vance has been attacking Walz’s credibility.
Vance has questioned Walz’s honesty about his military service, and the artificial insemination met…",https://www.rawstory.com/jd-vance-liar/,2024-08-27T10:42:57Z
Freerepublic.com,The Guardian,‘I don’t do fear’: 102-year-old woman becomes Britain’s oldest skydiver,"Second world war veteran Manette Baillie marks birthday with skydive for charity in SuffolkA 102-year-old military veteran has become Britain’s oldest skydiver. Manette Baillie, from Benhall Green in Suffolk, jumped out of plane over Beccles on Sunday to mark…",https://freerepublic.com/focus/f-chat/4260722/posts,2024-08-25T17:55:59Z
ABC News,EMILY WAGSTER PETTUS Associated Press,Brett Favre to appear before US House panel looking at welfare misspending,Retired NFL quarterback Brett Favre is scheduled to appear before a congressional committee examining how states are falling short on using welfare to help families in need,https://abcnews.go.com/Business/wireStory/brett-favre-us-house-panel-welfare-misspending-113888974,2024-09-20T23:18:47Z
Financial Post,The Associated Press,MacKenzie Scott’s millions boost Native American nonprofits,"The billionaire philanthropist MacKenzie Scott’s no-strings, no-hassle giving approach has proven particularly valuable to Native American nonprofits, whose history with private philanthropy has long been marked by a lack of trust and paltry funding. Although…",https://financialpost.com/pmn/mackenzie-scotts-millions-boost-native-american-nonprofits,2024-09-13T14:29:48Z
ABC News (AU),Brigitte Murphy and Peter Sanders,"Is $2,000 too much to pay for a handbag at an op shop?","A keen-eyed worker at an op shop spotted a ""designer"" find that retails for $4,000. The handbag, believed to have been made by luxury brand Balenciaga, was put on sale for half that price, but the store has received backlash on social media.",https://www.abc.net.au/news/2024-09-18/op-shop-selling-designer-bag-for-2000-dollars-nsw/104348738,2024-09-18T05:28:50Z
Marca,marca.com,"In sibling battle, William and Kate raise much more money for charity than Harry and Meghan","Even among the Royals there are levels when it comes to fundraising. The Royal Foundation, initially founded by Prince William and Prince Harry in 2009, has undergone significant c",https://www.marca.com/en/lifestyle/uk-news/2024/08/24/66c9173b22601d160a8b45cd.html,2024-08-23T23:12:41Z
Freerepublic.com,Manchester Evening News,Tributes Paid to Firefighter Who Died 'Suddenly and Unexpectedly' Aged 44,An online book of condolence has been opened following the death of Francois (Frankie) Childs who died at his home in Prestwich BookmarkWe use your sign-up to provide content in ways you’ve consented to and improve our understanding of you. This may include a…,https://freerepublic.com/focus/f-chat/4263250/posts,2024-09-06T20:33:28Z
Financial Post,GlobeNewswire,White Spot’s Annual Pirate Pak Day Sends Deserving Children and Youth to Zajac Ranch,"The 2024 Pirate party brought joy to B.C. families this summer — in the restaurants and at camp Vancouver, British Columbia, Aug. 27, 2024 (GLOBE NEWSWIRE) — Shiver me timbers! White Spot’s 12th annual Pirate Pak Day — held Wednesday, August 14 — was an amazi…",https://financialpost.com/globe-newswire/white-spots-annual-pirate-pak-day-sends-deserving-children-and-youth-to-zajac-ranch,2024-08-27T15:02:06Z
[Removed],,[Removed],[Removed],https://removed.com,2024-09-19T16:46:40Z
WWD,James Fallon,Dallas’ 10 Best Dressed Women Turn Out for Crystal Charity Ball Event at Neiman Marcus,The annual event held at the retailer's Dallas flagship featured a fashion show by Oscar de la Renta.,http://wwd.com/fashion-news/fashion-scoops/dallas-10-best-dressed-women-crystal-charity-ball-neiman-marcus-oscar-de-la-renta-1236614379/,2024-09-13T20:07:57Z
pymnts.com,PYMNTS,Tech for Good: Boosting Nonprofit Success With Digital Payments and Subscription Models,"When it comes to payments, no one gets a hall pass. Not even a nonprofit gets one. In fact, the world of charitable giving offers a microcosm of the challenges and opportunities for platforms seeking to bring payments fully into the digital age.  “At the end …",https://www.pymnts.com/digital-payments/2024/tech-for-good-boosting-nonprofit-success-with-digital-payments-and-subscription-models/,2024-09-05T08:00:17Z
GlobeNewswire,Masons of California,"California Masons Present a Record-Setting $55,198 Donation to Angels Nike RBI League, Surpassing $2.3MM Donated Since 2009","Donation Milestone Is One of Four Donations to MLB Community Foundations Across California, Totaling Over $289K Donated This Season Alone Donation Milestone Is One of Four Donations to MLB Community Foundations Across California, Totaling Over $289K Donated T…",https://www.globenewswire.com/news-release/2024/09/18/2948494/0/en/California-Masons-Present-a-Record-Setting-55-198-Donation-to-Angels-Nike-RBI-League-Surpassing-2-3MM-Donated-Since-2009.html,2024-09-18T17:10:00Z
