title,description,publishedAt
Fundraiser marks 10th anniversary of cyclist's death,Louise Wright was 29 when she was hit by a lorry in 2014 in Nottingham as she cycled to work.,2024-09-15 15:39:20+00:00
"Woman, 102, becomes Britain's oldest skydiver",Manette Baillie jokes she will now give up her thrill-seeking ways and take on knitting.,2024-08-25 12:26:25+00:00
"1 year after Penn State student’s tragic death, scholarship, fundraising hike honor her legacy","“Her kind heart can continue to make a difference,” Lovisa Arnesson-Cronhamre’s father said.",2024-09-13 17:37:03+00:00
New details emerge in rescue of hiker allegedly left behind by coworkers on mountain,An insurance underwriter rescued on a central Colorado mountain after allegedly being left behind by his coworkers was hiking for World Central Kitchen.,2024-08-29 16:53:58+00:00
Prince Harry is set to inherit millions on his 40th birthday. Here's how he and Meghan Markle make and spend their money.,Prince Harry will reportedly inherit millions from a trust set up by the Queen Mother when he turns 40 on Sunday.,2024-09-14 13:41:42+00:00
"SEO For Paws Free Live Stream Conference To Support Pet Shelters via @sejournal, @theshelleywalsh","Tune into the SEO for Paws live stream conference. Engage with industry experts and support a charity supporting pets affected by the war in Kyiv.
The post SEO For Paws Free Live Stream Conference To Support Pet Shelters appeared first on Search Engine Journa…",2024-09-23 08:00:53+00:00
How You Can Get Tax Write-Offs For Taking Luxurious Vacations,"Imagine enjoying a luxurious vacation at an exotic destination, all while knowing that part of your trip could be written off on your taxes.",2024-08-31 17:20:31+00:00
"The Changemaker Interview: Kristen Ferguson, University Of Notre Dame",Smartphone popularity creates opportunities and challenges for fundraisers according to “The Mobile Giving Gap: The Negative Impact of Smartphones on Donation Behavior”,2024-08-27 14:00:00+00:00
Medieval knight in training for Great North Run,Sir Runs A Lot is fundraising to improve accessibility at Newcastle's Black Gate and castle keep.,2024-09-04 05:08:19+00:00
Waterloo region organizations hungry for donations to help feed kids,A Waterloo region charity that provides food to school children in need says it’s hungry for donations as kids prepare to return to class.,2024-08-26 08:00:00+00:00
Are Americans generous?,"For 20 years, experts have sounded the alarm on the decline of charitable giving in the US. Then came the pandemic, which led to a wave of new donations and volunteers to nonprofits. For some leaders, this was a sign that perhaps the retreat from philanthropy…",2024-09-16 18:53:49+00:00
A pro-lifer called out JD Vance—now the right is coming for her charity,"A rift is growing among pro-lifers online. 


The center of the division is Live Action, a prominent anti-abortion non-profit, that is facing accusations from some in pro-life circles of using its donations towards ineffectual efforts.


The fight comes after…",2024-08-28 16:39:26+00:00
Bandcamp Announces Remaining Bandcamp Fridays for 2024,"The music platform will waive its share of profits today (September 6th), October 4th, and December 6th.
Bandcamp Announces Remaining Bandcamp Fridays for 2024
Eddie Fu",2024-09-06 14:38:12+00:00
Flames to use Gaudreau tribute items for charity,The Calgary Flames will repurpose items left at a memorial for Johnny and Matthew Gaudreau to fundraise for local charities.,2024-09-16 16:07:00+00:00
"The Beatles Attend a Charity Meet-and-Greet Event at Livingston Garden, Los Angeles in 1964","The garden party was planned for August 24, 1964, the day after the Beatles performed at the Hollywood Bowl in front of thousands of screami...",2024-09-03 17:50:00+00:00
Firm wins trademark case against easyJet owner,"The airline's owner says he will appeal against the ruling, which found there was no infringement",2024-09-11 18:08:55+00:00
Floating Points to test new sound system in Leeds this weekend,The rig will be at Project House this Sunday for a Cosmic Slop fundraiser.,2024-09-07 14:20:00+00:00
"GoFundMe axed a charity providing tents for displaced Gazans—freezing $250,000 in donations","GoFundMe pulled a fundraiser by Translating Falasteen and The Sameer Project on Tuesday. The Sameer Project delivers critical aid to Palestinian civilians under bombardment by the Israeli Army in Gaza, while Translating Falasteen posts videos translated into …",2024-09-05 20:06:43+00:00
Why I changed my mind about volunteering,"Last fall, a reader asked me what they could really do, as one person, to aid people living on the streets. “I often feel helpless to enact change,” they wrote. I’d been covering homelessness in America and knew that even the sprawling support organizations t…",2024-08-23 15:42:49+00:00
"Gardaí to cycle 500km in Spain to raise €40,000 for guide dog charity","The Garda Tour De Force cycling group, which has raised over €1m for charities over the past three decades, is about to get in the saddle for another fundraising push.",2024-09-03 09:44:53+00:00
The secret truth that donors can’t tell you,"One of the most important things you can know about fundraising is this: What people say about their charity or your fundraising has little to do with what they do. When you believe that, you are free from taking terrible advice. People’s opinions and their a…",2024-09-16 15:57:58+00:00
Man to run seven marathons in Europe in seven days,"Ibi Akhtar, from west London, is starting the fundraising challenge in Crete, where his friend died.",2024-09-10 05:11:47+00:00
Art Heals: Hauser & Wirth And Hospital Rooms Reimagine Recovery By Bringing Color To Mental Health Spaces,"The impact of creativity and art-making on mental health: the ""Digital Art School"" exhibition at Hauser & Wirth London, runs from August 22 to September 10, 2024",2024-08-31 21:02:48+00:00
Start. Scale. Exit. Take Some Money Off the Table. Repeat.,"If you envision a life of serial entrepreneurship, you have to keep this one thing in focus: Your trade is entrepreneurship. Period.",2024-09-09 12:00:00+00:00
10 Charity Website Ideas to Inspire Your New Nonprofit Site,"There are so many different ways you can design your charity website. From emotional and professional to exciting and informative, you have to decide which design style is right for you. To help make the options feel less overwhelming, I've…
The post 10 Chari…",2024-08-27 18:16:30+00:00
THE QUACK IS BACK!,"With only a couple of weeks to go before Insane Charity Bike Ride 2024, we’re still just over halfway to the first duck. TODAY IS THE LAST DAY TO REGISTER FOR THE RIDE! If you’re in the area, come ride along with me! TODAY IS NOT THE LAST DAY TO SUPPORT THE R…",2024-09-03 05:00:49+00:00
Hospices funding woes bring job cuts,Five hospices caring for terminally ill people say they must cut staff because of financial pressures.,2024-08-30 10:45:31+00:00
A great fundraising offer does good things for donors,"In commercial advertising, copywriters are reminded to “sell the sizzle, not just the steak” — that is, focus on the benefits of your product, not just its features. That’s good advice in fundraising too. Don’t just ask donors to give to make program activiti…",2024-08-24 23:15:00+00:00
Meet The VCs Who Just Raised $250 Million To Back Women-Led Startups,"Jenny Abramson and Heidi Patel have signed up investors such as Melinda French Gates and UBS for their third Rethink Impact fund, boosting assets under management to more than half a billion.",2024-09-12 10:30:00+00:00
Navigating religious bias in charity donors,"I'm trying to raise money for a secular program that exists under a religious umbrella organization. I'm trying to find a way to approach this so that won't put people off, and I'm stuck on a particular decision.I was going to try to anonymize the religion he…",2024-09-11 17:01:44+00:00
[Removed],[Removed],2024-09-20 23:11:32+00:00
Brett Favre to appear before US House panel looking at welfare misspending,"Retired NFL quarterback Brett Favre, who has repaid just over $1 million in speaking fees funded by a welfare program in Mississippi, is scheduled to appear ...",2024-09-20 23:11:31+00:00
Pieta House calls for ‘immediate investment’ from Government to keep services going into 2025 and beyond,Suicide prevention charity Pieta House has called on the Government to provide “an immediate investment” of €3.5m to keep services running sustainably into 2025 and beyond.,2024-09-10 15:42:18+00:00
How to Make Small Changes for Big Impact on Your Donation Form,"Your online donation form is one of the most important components of your digital fundraising efforts. How important? Charitable gifts [...]
The post How to Make Small Changes for Big Impact on Your Donation Form first appeared on The ENGAGE Blog.",2024-09-03 16:48:40+00:00
9/1/24: Sucka Flea Market & Day Party (SF) - FREE,"Sucka Flea Market & Day Party at @elriosf!  This Sunday September 1st from 3-8pm at 3158 Mission Street in San Francisco!
This daytime function is a celebration of local Art, Food, Music, Culture & Community featuring our favorite Vendors, Creators, and Peopl…",2024-08-29 16:13:31+00:00
Southport chooses hope over hatred as it tries to heal,"A month on from the killings in Southport, the community says a ""thousand acts of kindness"" have followed.",2024-08-29 05:27:55+00:00
Global P2P Fundraising Market Size To Worth USD 310 Million By 2033 l CAGR Of 12.27%,"The Global P2P Fundraising Market Size was Valued at USD 97.4 Million in 2023 and the Worldwide P2P Fundraising Market Size is Expected to Reach USD 310 Million by 2033, according to a research report published by Spherical Insights & Consulting. Companies co…",2024-08-23 22:00:00+00:00
Mike ‘Coach K’ Krzyzewski Comes Home For The Inaugural Chicago Epicurean 2024,"Legendary “Coach K” sits down for an 1 on 1 to discuss the inaugural Chicago Epicurean in his hometown, what wines pair best with Polish dishes, and how he initially became involved with the V Foundation.",2024-09-15 21:45:27+00:00
‘She fought and fought’: Father of student killed in US kayak incident undertakes tribute fundraiser,"Ralph Mills, whose daughter Ella died two years ago, seeks to raise funds for charity helping bereaved families overseas",2024-08-27 11:52:56+00:00
"The Distinguished Gentleman’s Drive Celebrates Its Fourth Year on Sunday, September 29, 2024",All funds raised support leading men’s health charity Movember All funds raised support leading men’s health charity Movember,2024-09-23 11:30:00+00:00
Kentucky Republicans celebrate ‘house that Mitch built’ with help from some big donors,"FRANKFORT — What speakers hailed as “the house that Mitch built” will be doubling in size — thanks to more than $3 million from special interest donors and a change of state law in 2017 that legalized such donations.

A slew of prominent Kentucky Republicans …",2024-09-06 10:07:30+00:00
Leeds venue TESTBED announces programme for remainder of 2024,"""We are committed to reviving and celebrating Leeds' vibrant cultural scene""Continue reading...",2024-09-14 07:00:00+00:00
Mayo nurse who ‘escaped’ from Alcatraz completes marathon Clare Island swim,Grandmother Ann Ivers (62) from Kiltimagh joins group of 45 in charity swim two years after swimming from famous prison island to San Francisco,2024-09-01 15:48:14+00:00
Jimmy Kimmel Makes Fun Of Trump For Ridiculous “Rant” About Kamala Harris Working At McDonalds And An Alleged $1.7 Million Toilet: “Dumbest Nothing Topics”,"""The scamburglar doubled down on one of his favorite new lines of attack,"" he said of Trump.",2024-09-17 14:15:42+00:00
Beloved Nevada Wingnut Grifter Pleads Not Guilty To New Charges In Dead Cop Statue Scam,"Michele Fiore, how we have missed thee.",2024-09-10 14:04:55+00:00
The odd and ancient history of the wooden spoon,"When Wests Tigers and Parramatta Eels meet at Campbelltown on Friday night, they each face the ignominy of the NRL's wooden spoon with defeat. But where did that term come from, and what does it have to do with Cambridge University's Maths department?",2024-09-05 20:08:03+00:00
Torontonians raised $1M for Terry Fox foundation in 2023. Organizers hope this year will be even bigger,The annual charity run for cancer research is in its 44th year. The foundation has raised over $900 million since Fox’s original Marathon of Hope in 1980.,2024-09-15 08:00:00+00:00
Ex-banker sounds the alarm on Nan,"<p>The northern province of Nan is home to one of the country's key watershed forests, the source of several major waterways, including the Chao Phraya River. This forest area was declared a first-grade national forest in the 1960s.</p>",2024-09-06 22:36:00+00:00
Pieta says it may not be able to continue mental health services without Government funds,"Cost of running suicide prevention and counselling group stands at some €17m a year, mostly paid for by ‘generous donors and dedicated supporters’",2024-09-10 18:39:15+00:00
"Inside the Ne’eman Foundation, the Israeli military and settler funder that had its charity status stripped in Canada","The Ne’eman Foundation, which recently had its charitable status revoked in Canada, is deeply entwined with settler violence in the occupied Palestinian territory and represents the Judeo-fascist edge of the Canada-to-Israel charity pipeline.",2024-08-23 18:26:53+00:00
"Lifeward’s First Annual Step Challenge Donates €5,000 to German Association for People Living with Spinal Cord Injury","As part of the fundraising “Step Challenge”, ReWalk users in Germany completed 424,844 steps to raise 5,000 Euros for the European Spinal Cord Injury Federation (“ESCIF”) As part of the fundraising “Step Challenge”, ReWalk users in Germany completed 424,844 s…",2024-09-05 12:30:00+00:00
"The Distinguished Gentleman’s Drive Celebrates Its Fourth Year on Sunday, September 29, 2024","All funds raised support leading men’s health charity Movember TORONTO, Sept. 23, 2024 (GLOBE NEWSWIRE) — The Distinguished Gentleman’s Drive (DGD) is a celebration of classic style. It’s an on-road fundraising event that unites classic cars – aged 40 years o…",2024-09-23 11:34:40+00:00
Prevent Cancer Annual Gala to celebrate three decades of commitment to cancer prevention and early detection,Foundation’s 30th fundraising Gala will honor “indispensable friendship” with the United Kingdom. Foundation’s 30th fundraising Gala will honor “indispensable friendship” with the United Kingdom.,2024-08-28 18:32:00+00:00
Can We Afford the Welfare State?,Unpacking why the obstacle to preserving the welfare state is not national income or demographics but rentiers increasing their take.,2024-09-13 08:53:01+00:00
Lindsey Graham confronted on CNN with video of Trump saying 'I 'don't care what he says',"In the midst of a wide-ranging interview with Sen. Lindsey Graham, CNN ""State of the Union"" host Jake Tapper blindsided the South Carolina Republican with a clip of Donald Trump telling a CBS reporter he doesn't listen to Graham's advice.Brought on to talk ab…",2024-08-25 15:15:14+00:00
SC attorney general says Democratic donor platform ActBlue may have broken rules,"COLUMBIA — South Carolina’s attorney general is questioning whether a major fundraising platform for Democrats committed fraud. State Democratic leaders and a representative of the platform contend the allegations are nonsense.

The allegations are outlined i…",2024-08-26 23:44:21+00:00
Missouri abortion-rights campaign doubles its fundraising total since qualifying for ballot,The director of one of the campaign’s biggest donors said it’s impossible to ‘achieve anything without a campaign that is grounded in grassroots support and the support of Missouri voters.’,2024-09-13 16:30:00+00:00
Prosocial sharing with organizations after the COVID-19 pandemic: A longitudinal test of the role of motives for helping and time perspectives,"The time after the COVID-19 pandemic posed a threat to engagement in prosocial behaviors within charity organizations. In the current study, we intended to test how three motivational paths: affective empathy-based, life satisfaction-based, and perceived soci…",2024-09-18 14:00:00+00:00
‘My family never gave up on me’: From sleeping rough in Dublin to representing Ireland in South Korea,"‘Once you stay drug-fee, anything in life is possible, I’m living proof of that,’ says member of Ireland squad for Homeless World Cup",2024-09-02 06:28:01+00:00
"MacPaw Foundation Joins United Nations Global Compact, Reinforcing Commitment to Sustainable Development","KYIV, Ukraine, Aug. 30, 2024 /PRNewswire/ -- The MacPaw Foundation, a corporate charity fund established for the social and charity projects of MacPaw, has officially become a member of the United Nations Global Compact Network Ukraine, the Ukrainian branch o…",2024-08-30 14:02:00+00:00
Ex-Malden Catholic star out to hit multiple sclerosis awareness home run,"""I've always wanted to do something for MS since my mom (Tracie) was diagnosed with it."" Former Malden Catholic baseball star Dario Pizzano",2024-08-28 10:52:43+00:00
Breast Cancer Canada’s ‘Raise More Challenge’ Inspires Canadians to Support Research This Breast Cancer Awareness Month,"TORONTO — In a united effort to end breast cancer, Breast Cancer Canada, a national charity dedicated to saving lives through breast cancer research, is calling on Canadians to join their annual nationwide ‘Raise More Challenge.‘ The Raise More Challenge invi…",2024-09-20 10:06:07+00:00
Funds raised to provide Letterfrack survivor with mobility scooter which HSE unable to provide,Michael Dunne was confined to his house for more than two years while on HSE’s waiting list,2024-08-29 05:00:00+00:00
The Power of Lotteries in Advertising: Stunning Success Stories Revealed,"Since the start of human civilization, lotteries have often been associated with financial freedom and near-instant wealth, and they have hardly failed to disappoint. However, these lotteries are more than just cash cows for different lucky members of society…",2024-09-20 19:20:22+00:00
[Removed],[Removed],2024-08-27 13:49:32+00:00
Boy with bullet in brain raises cash for hospital,Harry Studley was 18 months old when he was shot in the head in the block of flats he lived in.,2024-09-09 07:14:01+00:00
"Heavy flooding in central Europe has countries seek EU aid, funds","Torrential rains have severely impacted central European countries in the past few days, with Czechia confirming it will use EU funds and Poland announcing it will seek EU financial assistance and possibly activate the EU's emergency mechanism.",2024-09-16 04:48:43+00:00
"Obituary: Jack Fagan, highly respected journalist and editor who won All-Ireland minor title with Meath","Journalist Jack Fagan, who has died at the age of 85, was well-known in the news, business and property sectors as well as for winning a minor All-Ireland medal in Gaelic football.",2024-09-22 01:30:00+00:00
Jonathan Bailey wins award after raising thousands for LGBTQ+ youth charity,"Bridgerton star Jonathan Bailey has won an award after raising thousands of pounds for an LGBTQ+ youth charity.  Bailey raised £33,452 ($44,500) for Just Like Us after running the Hackney half marathon in May. He became a patron of the charity in 2023 and acc…",2024-09-20 09:44:59+00:00
Lucius Lead Nineties Covers Charity Comp for Gun Violence Prevention,"Lucius, Liz Cooper, and more contributed covers of classic 90s songs to a new compilation raising awareness for gun violence prevention.",2024-09-06 13:01:15+00:00
"Mostly, this Secret Masonic Order Just Wants to Have Fun","We do love a good plunge into worlds apart – filled with secret society conspiracies and folks living off-grid or on the fringes of society. The latest curious collective to pique my interest is perhaps the quirkiest of masonic orders, called “The Shriners”, …",2024-09-06 10:17:57+00:00
Art and Mental Health Meet at Hauser & Wirth London’s North Gallery,"""Hospital Rooms"" is on view in Hauser & Wirth London's North Gallery through September 10.",2024-09-03 16:17:45+00:00
Lawmakers upset after Kristi Noem awards millions to project they refused to pay for,"While legislators were passing a law in March requiring more information from Republican Gov. Kristi Noem about a fund she controls, Noem was awarding $13.5 million from the fund to a project legislators had declined to financially support.
Some legislators d…",2024-09-13 10:01:33+00:00
Thousands of people get set for Great North Run,Conditions are expected to be rainy as the race from Newcastle to South Shields commences.,2024-09-08 00:23:28+00:00
'I don’t see the outrage': Ron DeSantis defends Trump’s Arlington visit,"Gov. Ron DeSantis on Tuesday defended former President Donald Trump’s visit to Arlington National Cemetery, which violated federal regulations and, the Army said, featured an alleged assault by Trump’s staff against a cemetery staff member.
“I don’t see the o…",2024-09-04 10:45:23+00:00
"'We might only have 15 summers left,' say brothers at risk of dementia",They hope their 903-mile challenge will play a part in “finding a cure for dementia”.,2024-09-18 11:29:55+00:00
Calgary Flames dismantle Gaudreau memorial as 13-day observance ends,"Hockey sticks, jerseys and homemade signs were carefully removed from the steps of the Saddledome on Monday morning, as a 13-day observance to celebrate former Calgary Flames star Johnny Gaudreau came to an end.",2024-09-16 18:51:09+00:00
"LA Museums Jointly Acquire Collection, “Friends” Memorabilia Heads to Auction, a Spotlight on Sister Mary Corita, and More: Morning Links for August 27, 2024","Memorabilia from the sitcom ""Friends"" is up for auction, a trio of Los Angeles museums have jointly acquired 350 artworks, and more.",2024-08-27 13:33:07+00:00
How to Build a Non-Profit Website in 2024 (Quick & Easy),"Are you seeking cost-effective resources to create a website without needing expensive professional services? Non-profit organizations often operate on tight budgets, so you need to be careful with your approach. Creating a non-profit website is crucial in es…",2024-08-31 12:00:00+00:00
Prince William & Kate plan to relaunch their Royal Foundation in America,"Prince Harry is in New York this week, doing high-level and high-profile events and meetings with a multitude of charities and NGOs. He is a busy man who works with a variety of important causes, from landmines to conservation to mental health and children’s …",2024-09-23 12:08:32+00:00
Gabby Logan halted Great North Run coverage to deliver tragic BBC announcement,BBC presenter Gabby Logan interrupted the Great North Run broadcast to deliver the tragic news,2024-09-09 06:30:56+00:00
Henry Winkler is joined by his grandsons at daughter’s charity event,"Henry Winkler and his wife, Stacey Weitzman, showed their support for their daughter, Zoe Winkler Reinis, at the This Is About Humanity’s 6th Anniversary Soirée. Winkler Reinis attended the event with her three sons Ace, Jules, and Gus.",2024-08-25 21:21:23+00:00
Private donations boost UN support for war-torn Gaza,"From celebrities to civil society, a growing number of people around the world are providing unprecedented support for UNRWA, the UN agency supplying a lifeline to two million Palestinians trapped in war-torn Gaza.",2024-09-06 09:07:35+00:00
Unlock Millions in New Funding via Stock Donations,"Nonprofit organizations, higher education institutions, and healthcare foundations are embracing stock gifting to diversify and grow funding as the rebound [...]
The post Unlock Millions in New Funding via Stock Donations first appeared on The ENGAGE Blog.",2024-09-11 15:14:27+00:00
Charity Organization,"Charity Organization is a dynamic and versatile tool designed specifically for charitable organisations, nonprofits, and fundraising initiatives. It provides a platform that streamlines the presentation and management of your organisation’s mission, goals, an…",2024-09-10 02:11:49+00:00
White Spot’s Annual Pirate Pak Day Sends Deserving Children and Youth to Zajac Ranch,The 2024 Pirate party brought joy to B.C. families this summer — in the restaurants and at camp The 2024 Pirate party brought joy to B.C. families this summer — in the restaurants and at camp,2024-08-27 15:00:00+00:00
How Palestinian Art and Culture Is Being Kept Alive Online,"Through fashion, art, and music, Palestinian art and culture is being kept alive online as a way of protesting the war in Gaza.",2024-09-01 07:00:01+00:00
"California Masons Present $128,683 Donation to Giants Community Fund","Donation Milestone is One of Four Donations to MLB Community Foundations Across California, Totaling Over $261K Donated This Season Alone Donation Milestone is One of Four Donations to MLB Community Foundations Across California, Totaling Over $261K Donated T…",2024-09-11 17:10:00+00:00
Review: Samantha’s Friends immerses us into the ‘Golden Age of Hollywood’,"On September 14 and 15, 2024, the 29th annual “Samantha’s Friends” benefit fundraiser took place at Lakewood Ranch in Florida.
The post Review: Samantha’s Friends immerses us into the ‘Golden Age of Hollywood’ appeared first on Digital Journal.",2024-09-21 21:24:45+00:00
#PlumeStrong Cycling Challenge 2024 Surpasses Goal by Raising over €610.000 for Street Child to Develop Secondary Schools in Sierra Leone,"PALO ALTO, Calif., Sept. 23, 2024 /PRNewswire/ -- Plume completed its fourth annual #PlumeStrong Cycling Challenge (#PSCC24) – a 5-stage 824 km route from Zurich, Switzerland to Venice, Italy that took place from September 2-6, 2024. The #PSCC is a fundraiser…",2024-09-23 15:00:00+00:00
Charity Welfare Funds,"The Charity Welfare Funds theme is a specialised WordPress theme designed for nonprofit organisations, charities, and NGOs focused on social good and community support, looking to better their online presence. The theme is versatile for organisations working …",2024-08-26 05:12:08+00:00
Top 10 Jewish organizations of 2024 — Supporting Israel from the diaspora,,2024-09-17 07:43:08+00:00
[Removed],[Removed],2024-09-11 19:02:43+00:00
J.D. Vance has told some whoppers — so does it stick when he calls someone else a liar?,"Since Vice President Kamala Harris on Aug. 6 tapped Minnesota Gov. Tim Walz to be her running mate, Ohio Sen. J.D. Vance has been attacking Walz’s credibility.
Vance has questioned Walz’s honesty about his military service, and the artificial insemination met…",2024-08-27 10:42:57+00:00
‘I don’t do fear’: 102-year-old woman becomes Britain’s oldest skydiver,"Second world war veteran Manette Baillie marks birthday with skydive for charity in SuffolkA 102-year-old military veteran has become Britain’s oldest skydiver. Manette Baillie, from Benhall Green in Suffolk, jumped out of plane over Beccles on Sunday to mark…",2024-08-25 17:55:59+00:00
Brett Favre to appear before US House panel looking at welfare misspending,Retired NFL quarterback Brett Favre is scheduled to appear before a congressional committee examining how states are falling short on using welfare to help families in need,2024-09-20 23:18:47+00:00
MacKenzie Scott’s millions boost Native American nonprofits,"The billionaire philanthropist MacKenzie Scott’s no-strings, no-hassle giving approach has proven particularly valuable to Native American nonprofits, whose history with private philanthropy has long been marked by a lack of trust and paltry funding. Although…",2024-09-13 14:29:48+00:00
"Is $2,000 too much to pay for a handbag at an op shop?","A keen-eyed worker at an op shop spotted a ""designer"" find that retails for $4,000. The handbag, believed to have been made by luxury brand Balenciaga, was put on sale for half that price, but the store has received backlash on social media.",2024-09-18 05:28:50+00:00
"In sibling battle, William and Kate raise much more money for charity than Harry and Meghan","Even among the Royals there are levels when it comes to fundraising. The Royal Foundation, initially founded by Prince William and Prince Harry in 2009, has undergone significant c",2024-08-23 23:12:41+00:00
Tributes Paid to Firefighter Who Died 'Suddenly and Unexpectedly' Aged 44,An online book of condolence has been opened following the death of Francois (Frankie) Childs who died at his home in Prestwich BookmarkWe use your sign-up to provide content in ways you’ve consented to and improve our understanding of you. This may include a…,2024-09-06 20:33:28+00:00
